index,number
0,0
1,-0.22
2,0.43
3,0
4,0.2
5,0.13
6,0
7,-0.04
8,0.13
9,-0.22
10,-0.37
11,0.43
12,0.43
13,-0.37
14,0.2
15,-0.22
16,-0.04
17,0.2
18,0
19,0
20,-0.04
21,0.43
22,0.43
23,-0.37
24,-0.22
25,0.13
26,0.43
27,0
28,0.13
29,0.43
30,-0.4
31,-0.22
32,-0.37
33,-0.04
34,0.2
35,0
36,-0.4
37,-0.04
38,0.43
39,0.43
40,-0.22
41,0.2
42,-0.22
43,-0.04
44,-0.04
45,0.13
46,0
47,0
48,0.13
49,-0.37
50,-0.4
51,-0.37
52,0.2
53,-0.04
54,0.13
55,-0.4
56,-0.22
57,0
58,-0.22
59,0.13
60,-0.04
61,0
62,0
63,-0.37
64,-0.37
65,0
66,-0.22
67,0
68,-0.37
69,-0.22
70,-0.37
71,0.13
72,-0.22
73,-0.22
74,0.43
75,0
76,-0.37
77,-0.22
78,0.2
79,0.2
80,0.2
81,-0.4
82,-0.4
83,0.43
84,-0.22
85,0.2
86,0.43
87,0.43
88,-0.04
89,0
90,0
91,-0.4
92,-0.37
93,0.13
94,0.13
95,0.2
96,-0.04
97,-0.04
98,-0.04
99,-0.37
100,-0.04
101,-0.04
102,-0.04
103,0.43
104,-0.04
105,-0.22
106,-0.04
107,0.43
108,-0.22
109,0.2
110,0.43
111,0.13
112,0.43
113,0.13
114,-0.37
115,-0.22
116,0.13
117,0.2
118,-0.4
119,-0.37
120,-0.4
121,-0.37
122,0.43
123,-0.37
124,0.13
125,-0.22
126,0.43
127,-0.04
128,-0.37
129,0.2
130,-0.4
131,0.2
132,0.13
133,0
134,-0.22
135,-0.04
136,-0.37
137,0.13
138,-0.04
139,0.13
140,0.43
141,0.43
142,0.43
143,-0.4
144,-0.37
145,0.2
146,-0.04
147,0.13
148,0.13
149,-0.04
150,0.2
151,-0.04
152,-0.4
153,-0.04
154,-0.04
155,-0.22
156,0.2
157,-0.04
158,0.13
159,0.2
160,0.13
161,0.2
162,0
163,-0.04
164,-0.37
165,-0.22
166,0.13
167,-0.22
168,-0.04
169,-0.4
170,0.13
171,-0.4
172,-0.37
173,0.13
174,0
175,0.13
176,0.43
177,0.43
178,-0.04
179,-0.4
180,-0.4
181,0.2
182,-0.22
183,-0.22
184,-0.37
185,-0.4
186,0.2
187,0.43
188,-0.04
189,-0.4
190,0.13
191,-0.22
192,0.13
193,0.43
194,0.43
195,-0.4
196,-0.4
197,0
198,0.13
199,0
200,-0.22
201,-0.4
202,0
203,0.13
204,0
205,0
206,0
207,0.2
208,-0.4
209,-0.37
210,0.13
211,0.43
212,-0.04
213,-0.4
214,-0.04
215,-0.04
216,-0.22
217,0.13
218,0.13
219,-0.04
220,0.43
221,0.43
222,-0.04
223,-0.22
224,0
225,0.43
226,0
227,0.2
228,-0.22
229,-0.4
230,0.43
231,0.43
232,-0.04
233,-0.22
234,0.43
235,0
236,0.43
237,-0.4
238,0.2
239,-0.4
240,-0.22
241,0.13
242,-0.4
243,0
244,-0.04
245,-0.04
246,-0.37
247,0.2
248,-0.04
249,-0.4
250,-0.22
251,-0.37
252,-0.4
253,0.43
254,0.13
255,-0.4
256,-0.04
257,-0.22
258,-0.22
259,-0.22
260,-0.22
261,-0.4
262,-0.22
263,0.43
264,-0.22
265,-0.22
266,0
267,0.13
268,-0.4
269,-0.22
270,0.43
271,0.43
272,-0.4
273,0.13
274,-0.4
275,-0.4
276,0.43
277,0.13
278,0.43
279,-0.4
280,-0.37
281,0
282,-0.4
283,-0.37
284,-0.37
285,-0.4
286,0.43
287,0.13
288,0.13
289,-0.4
290,0.13
291,-0.37
292,-0.22
293,-0.22
294,-0.37
295,0
296,0.2
297,0
298,0
299,0.2
300,-0.22
301,0.13
302,-0.22
303,0.2
304,-0.22
305,-0.4
306,-0.22
307,-0.4
308,0.2
309,0.13
310,0
311,0.43
312,-0.37
313,0.13
314,-0.4
315,-0.04
316,-0.04
317,0.2
318,-0.04
319,-0.04
320,-0.37
321,-0.04
322,-0.4
323,-0.22
324,0.13
325,-0.37
326,0.13
327,0
328,-0.22
329,0
330,-0.22
331,0
332,-0.4
333,-0.4
334,0.2
335,-0.04
336,-0.37
337,-0.22
338,-0.04
339,0.13
340,-0.37
341,-0.4
342,0
343,-0.22
344,-0.37
345,0.2
346,0
347,0.13
348,0.43
349,-0.04
350,-0.22
351,0.43
352,-0.22
353,-0.22
354,0.13
355,-0.4
356,0
357,-0.4
358,0.43
359,-0.04
360,-0.22
361,0
362,0.43
363,-0.4
364,0.13
365,0.2
366,-0.04
367,0.13
368,0.2
369,0
370,-0.22
371,0.13
372,-0.37
373,-0.04
374,-0.22
375,0.43
376,0.43
377,0.2
378,-0.4
379,0.13
380,0
381,0.43
382,0.13
383,0.2
384,0.13
385,0.43
386,-0.4
387,0.43
388,-0.22
389,-0.37
390,0.13
391,0.43
392,-0.37
393,0.2
394,-0.37
395,-0.4
396,0.43
397,-0.22
398,0.2
399,0.2
400,0
401,0.13
402,0.13
403,0.43
404,-0.22
405,-0.4
406,-0.04
407,-0.37
408,-0.4
409,-0.37
410,0.2
411,-0.22
412,0.43
413,0
414,0
415,0.2
416,0.13
417,-0.04
418,-0.22
419,0
420,0
421,-0.22
422,0.13
423,-0.22
424,-0.04
425,0.43
426,-0.04
427,-0.37
428,-0.4
429,0
430,-0.22
431,0.43
432,-0.4
433,-0.22
434,0.13
435,0.43
436,-0.04
437,0.13
438,0.13
439,-0.4
440,0
441,0.13
442,0.43
443,-0.04
444,0.43
445,-0.04
446,-0.4
447,0.13
448,-0.4
449,0.13
450,0.13
451,-0.37
452,-0.37
453,-0.4
454,0.43
455,0.43
456,0
457,0
458,-0.04
459,-0.37
460,0
461,-0.37
462,0
463,-0.4
464,-0.04
465,0.43
466,-0.22
467,-0.04
468,0.13
469,-0.4
470,-0.22
471,-0.22
472,0.13
473,-0.04
474,0.43
475,0.43
476,0.2
477,0.2
478,0.43
479,0.13
480,0.2
481,-0.22
482,0.13
483,0.43
484,-0.4
485,0.2
486,0.43
487,-0.37
488,0.13
489,-0.37
490,-0.04
491,0
492,0
493,-0.4
494,0.43
495,0.43
496,0.43
497,0.13
498,0.2
499,-0.4
500,-0.4
501,0
502,-0.04
503,0.13
504,-0.22
505,-0.22
506,0.13
507,0.2
508,-0.4
509,0.13
510,-0.37
511,-0.37
512,0
513,-0.04
514,0
515,0
516,-0.22
517,0
518,0.43
519,-0.4
520,-0.37
521,-0.22
522,0.43
523,-0.37
524,-0.04
525,0.13
526,-0.04
527,-0.22
528,-0.4
529,0
530,-0.37
531,0.43
532,-0.37
533,0.2
534,0.2
535,0.13
536,0.43
537,0.43
538,-0.22
539,-0.04
540,-0.4
541,-0.04
542,0.2
543,0
544,-0.22
545,0
546,-0.04
547,0.13
548,0.2
549,0.13
550,-0.37
551,-0.4
552,-0.04
553,-0.4
554,0
555,0.43
556,-0.4
557,0.43
558,0.43
559,-0.4
560,-0.4
561,-0.22
562,-0.4
563,0.2
564,0.43
565,-0.4
566,-0.4
567,-0.37
568,-0.22
569,-0.04
570,-0.22
571,0.2
572,-0.37
573,0.43
574,-0.04
575,0.43
576,-0.4
577,0.43
578,0
579,0
580,0
581,0.43
582,0.2
583,0.43
584,0.13
585,-0.04
586,-0.4
587,0.2
588,-0.37
589,-0.37
590,0.43
591,0.13
592,0.13
593,0.43
594,-0.22
595,0
596,0
597,-0.04
598,0
599,0
600,-0.37
601,-0.04
602,-0.04
603,-0.04
604,0
605,-0.04
606,-0.4
607,0.2
608,-0.37
609,-0.37
610,-0.4
611,0.13
612,0.43
613,-0.4
614,0.43
615,-0.4
616,0.2
617,0.43
618,0
619,-0.04
620,0.2
621,-0.04
622,0.43
623,-0.22
624,0.43
625,-0.37
626,0
627,0.43
628,0
629,0.13
630,0
631,-0.4
632,0
633,0.2
634,-0.4
635,0.13
636,-0.4
637,-0.22
638,-0.37
639,-0.37
640,-0.04
641,0.13
642,0
643,0.13
644,0.2
645,0.43
646,-0.37
647,-0.4
648,-0.4
649,-0.22
650,0
651,0.43
652,0
653,-0.22
654,-0.22
655,0.2
656,0
657,0
658,0.43
659,0.13
660,-0.37
661,-0.22
662,0.13
663,-0.4
664,0.43
665,0.43
666,-0.37
667,0
668,0.43
669,0.2
670,-0.04
671,0.2
672,-0.37
673,0.43
674,-0.22
675,0.13
676,0
677,0
678,-0.37
679,-0.04
680,0.43
681,-0.04
682,-0.04
683,0.2
684,-0.04
685,-0.04
686,-0.4
687,-0.22
688,-0.37
689,0.43
690,0.13
691,0
692,-0.22
693,0.2
694,0
695,0
696,-0.37
697,0.43
698,0
699,-0.37
700,0
701,0.2
702,0.43
703,0
704,0.43
705,-0.22
706,0
707,0.2
708,-0.37
709,-0.04
710,0.2
711,-0.04
712,0.13
713,-0.22
714,-0.04
715,-0.04
716,-0.22
717,0.13
718,0.13
719,0.43
720,0.43
721,-0.37
722,0.43
723,-0.22
724,-0.37
725,-0.37
726,0.2
727,-0.4
728,-0.37
729,0
730,0.13
731,0.43
732,0
733,0.43
734,0.2
735,0.13
736,0.43
737,-0.37
738,0.43
739,-0.37
740,0.43
741,-0.4
742,-0.04
743,-0.4
744,0.13
745,0
746,0.2
747,0.43
748,-0.04
749,-0.4
750,-0.4
751,-0.4
752,0.2
753,-0.04
754,0.43
755,-0.4
756,-0.37
757,0.2
758,-0.22
759,0.2
760,0.13
761,0
762,0.13
763,0.43
764,-0.22
765,0.43
766,0.43
767,0
768,-0.22
769,0.13
770,-0.22
771,-0.04
772,0.13
773,-0.04
774,-0.04
775,0.2
776,0
777,0.13
778,-0.22
779,-0.4
780,0.2
781,-0.22
782,0.43
783,0.2
784,0.43
785,-0.37
786,0.2
787,-0.4
788,-0.04
789,-0.04
790,0
791,0
792,-0.4
793,0.43
794,-0.04
795,-0.4
796,-0.22
797,-0.04
798,0.13
799,0.2
800,-0.4
801,-0.22
802,0.13
803,-0.22
804,-0.4
805,0
806,0
807,-0.4
808,-0.4
809,-0.37
810,0.2
811,0.2
812,-0.37
813,-0.22
814,0.2
815,-0.04
816,0.2
817,-0.4
818,-0.4
819,0.43
820,-0.4
821,-0.04
822,0.13
823,0.43
824,0
825,0
826,-0.37
827,-0.04
828,-0.22
829,-0.04
830,0.13
831,0
832,-0.22
833,0.13
834,-0.04
835,0
836,0.43
837,-0.04
838,-0.37
839,-0.04
840,-0.22
841,-0.22
842,-0.22
843,-0.22
844,0.13
845,0.13
846,-0.4
847,0
848,-0.37
849,-0.22
850,0.43
851,-0.22
852,0.43
853,0.43
854,0
855,-0.04
856,-0.22
857,0.2
858,0.13
859,-0.4
860,0.2
861,-0.37
862,0
863,0
864,0.13
865,0
866,-0.37
867,0.2
868,0.43
869,-0.37
870,-0.04
871,-0.37
872,0
873,0
874,-0.04
875,0.13
876,-0.22
877,0.43
878,0.43
879,0.13
880,0
881,0.13
882,0.43
883,0.43
884,0.43
885,0.13
886,0.43
887,0.43
888,0.43
889,-0.22
890,-0.22
891,-0.04
892,-0.22
893,-0.37
894,0.43
895,0.13
896,-0.4
897,-0.22
898,-0.4
899,-0.22
900,0
901,0.2
902,0.13
903,0.43
904,0.2
905,0.2
906,-0.04
907,-0.04
908,-0.04
909,0.43
910,-0.22
911,-0.22
912,-0.4
913,-0.22
914,0
915,0.43
916,0.2
917,-0.22
918,-0.22
919,-0.4
920,-0.22
921,-0.22
922,-0.22
923,-0.37
924,0.13
925,0.2
926,0.2
927,0
928,-0.4
929,0.43
930,0.43
931,-0.4
932,-0.4
933,0.13
934,0
935,0.43
936,0.13
937,-0.4
938,-0.37
939,0.13
940,-0.4
941,0.43
942,-0.22
943,-0.37
944,0.2
945,0.13
946,-0.37
947,-0.04
948,-0.4
949,0.13
950,-0.37
951,-0.04
952,-0.4
953,-0.37
954,0.13
955,0.2
956,0.43
957,-0.22
958,-0.04
959,-0.04
960,0
961,-0.37
962,0
963,-0.22
964,0.2
965,0.43
966,-0.4
967,-0.37
968,0
969,-0.4
970,-0.37
971,0.13
972,-0.04
973,0
974,0.13
975,0.2
976,-0.04
977,-0.4
978,0.13
979,0.13
980,0.13
981,0.13
982,0.13
983,0.2
984,-0.22
985,-0.37
986,-0.22
987,0.2
988,-0.22
989,0.2
990,0.43
991,0
992,0
993,-0.37
994,0
995,0.13
996,0
997,-0.04
998,-0.4
999,0
1000,0.2
1001,0
1002,-0.22
1003,-0.04
1004,0
1005,0
1006,-0.4
1007,-0.22
1008,0.43
1009,0.13
1010,-0.37
1011,-0.22
1012,0
1013,-0.37
1014,0
1015,0
1016,-0.04
1017,-0.04
1018,0.13
1019,-0.4
1020,0
1021,0
1022,-0.04
1023,-0.22
1024,0.43
1025,-0.4
1026,-0.37
1027,0
1028,-0.4
1029,-0.37
1030,-0.04
1031,-0.22
1032,-0.4
1033,0.2
1034,-0.22
1035,0.13
1036,0.2
1037,0
1038,-0.4
1039,0.13
1040,0.13
1041,0.43
1042,-0.37
1043,-0.22
1044,0
1045,-0.37
1046,-0.4
1047,0.43
1048,0.43
1049,0.2
1050,-0.04
1051,0
1052,0.2
1053,-0.04
1054,0.2
1055,-0.04
1056,-0.22
1057,0.13
1058,0.43
1059,0
1060,-0.37
1061,-0.37
1062,-0.22
1063,-0.37
1064,-0.37
1065,-0.37
1066,0.13
1067,-0.04
1068,0.13
1069,-0.22
1070,-0.4
1071,-0.04
1072,0.13
1073,0.43
1074,-0.37
1075,-0.04
1076,0
1077,-0.37
1078,0.43
1079,-0.04
1080,-0.22
1081,-0.37
1082,0.2
1083,-0.4
1084,0.2
1085,0.2
1086,-0.4
1087,0.13
1088,-0.04
1089,0.43
1090,0
1091,-0.37
1092,0.2
1093,0
1094,0.43
1095,-0.04
1096,0.13
1097,-0.4
1098,-0.04
1099,0.43
1100,-0.37
1101,0.43
1102,0.13
1103,0.13
1104,-0.4
1105,-0.4
1106,-0.4
1107,-0.04
1108,0.13
1109,0
1110,-0.4
1111,0.13
1112,-0.04
1113,0.43
1114,-0.4
1115,0.2
1116,0.43
1117,0.13
1118,-0.4
1119,0.43
1120,0.2
1121,-0.37
1122,-0.4
1123,0
1124,-0.04
1125,0.43
1126,-0.37
1127,0.43
1128,0
1129,0
1130,0.43
1131,0
1132,-0.04
1133,-0.37
1134,0
1135,-0.04
1136,-0.04
1137,0.13
1138,-0.22
1139,0.2
1140,-0.4
1141,-0.04
1142,0
1143,0.43
1144,0.2
1145,0
1146,0.13
1147,0
1148,-0.4
1149,0
1150,0.2
1151,-0.37
1152,0.2
1153,0.13
1154,-0.4
1155,0
1156,-0.37
1157,-0.4
1158,-0.22
1159,0.43
1160,0
1161,-0.22
1162,0.13
1163,0.43
1164,0.43
1165,-0.4
1166,0.43
1167,-0.37
1168,-0.37
1169,0.43
1170,0.2
1171,0.2
1172,0.2
1173,-0.37
1174,-0.04
1175,-0.37
1176,-0.4
1177,-0.37
1178,-0.37
1179,-0.22
1180,-0.4
1181,0.13
1182,-0.37
1183,0.43
1184,-0.22
1185,0.13
1186,0.2
1187,0
1188,-0.04
1189,0.2
1190,0.2
1191,0.43
1192,-0.37
1193,0
1194,0.13
1195,0
1196,-0.04
1197,0.43
1198,-0.04
1199,0
1200,-0.04
1201,-0.4
1202,-0.04
1203,0.13
1204,0.43
1205,0.2
1206,-0.37
1207,0.2
1208,-0.37
1209,-0.04
1210,0
1211,-0.22
1212,-0.37
1213,-0.22
1214,0.13
1215,0
1216,0.13
1217,0.43
1218,0.43
1219,-0.22
1220,0
1221,0.13
1222,0
1223,0.43
1224,0.43
1225,0
1226,-0.37
1227,-0.4
1228,0.2
1229,-0.4
1230,-0.4
1231,0.13
1232,0
1233,0.13
1234,-0.4
1235,-0.37
1236,0
1237,-0.22
1238,-0.22
1239,0.13
1240,-0.22
1241,0.2
1242,-0.37
1243,-0.22
1244,-0.4
1245,-0.37
1246,-0.22
1247,-0.04
1248,-0.04
1249,0
1250,0.43
1251,0.43
1252,-0.22
1253,-0.22
1254,-0.04
1255,0.43
1256,-0.22
1257,-0.4
1258,0.2
1259,-0.37
1260,0.2
1261,-0.22
1262,0
1263,0.2
1264,0.2
1265,-0.37
1266,0.2
1267,-0.37
1268,0.43
1269,-0.22
1270,0.2
1271,0.13
1272,0
1273,-0.22
1274,0.43
1275,-0.04
1276,0
1277,0.13
1278,0.43
1279,-0.37
1280,0.43
1281,0.13
1282,-0.04
1283,-0.4
1284,0.13
1285,0.43
1286,0.43
1287,0.13
1288,0.2
1289,0.2
1290,-0.4
1291,0.13
1292,0.2
1293,-0.37
1294,0
1295,-0.37
1296,0.13
1297,-0.4
1298,-0.04
1299,-0.04
1300,0.13
1301,0.43
1302,-0.22
1303,-0.4
1304,0.2
1305,0.2
1306,-0.22
1307,0
1308,0.43
1309,-0.37
1310,-0.4
1311,0
1312,-0.04
1313,0.13
1314,0.2
1315,0.13
1316,-0.4
1317,0.13
1318,-0.4
1319,-0.37
1320,0.2
1321,0.13
1322,0.43
1323,0.43
1324,-0.37
1325,0.13
1326,-0.04
1327,0.13
1328,-0.04
1329,-0.22
1330,-0.37
1331,-0.37
1332,-0.22
1333,-0.4
1334,0.2
1335,0
1336,0.2
1337,-0.22
1338,-0.37
1339,0.43
1340,-0.37
1341,0
1342,0
1343,-0.37
1344,-0.4
1345,-0.04
1346,0.2
1347,0.43
1348,-0.22
1349,0.2
1350,-0.04
1351,-0.4
1352,0.43
1353,-0.4
1354,0.2
1355,-0.37
1356,-0.04
1357,0.2
1358,0.2
1359,0
1360,0.43
1361,-0.04
1362,-0.4
1363,-0.37
1364,-0.37
1365,-0.4
1366,-0.22
1367,-0.37
1368,-0.37
1369,0
1370,0.43
1371,0.2
1372,0.2
1373,0.2
1374,0.13
1375,-0.04
1376,0.43
1377,0.43
1378,-0.04
1379,-0.4
1380,0.2
1381,0
1382,-0.22
1383,0.43
1384,0
1385,0.13
1386,-0.04
1387,0.2
1388,0
1389,-0.37
1390,0.2
1391,-0.37
1392,-0.37
1393,0.43
1394,0.2
1395,-0.37
1396,-0.04
1397,-0.04
1398,0.2
1399,-0.04
1400,0
1401,-0.04
1402,0.2
1403,-0.4
1404,0
1405,0.2
1406,0.2
1407,0.43
1408,0.43
1409,-0.22
1410,0
1411,-0.37
1412,0.13
1413,0
1414,0.43
1415,-0.04
1416,0.13
1417,0.43
1418,0
1419,0
1420,-0.04
1421,-0.22
1422,-0.22
1423,0.2
1424,-0.04
1425,-0.04
1426,-0.22
1427,-0.4
1428,0.43
1429,0
1430,-0.04
1431,0.43
1432,-0.4
1433,0.2
1434,-0.04
1435,-0.22
1436,-0.22
1437,0.2
1438,0.13
1439,-0.04
1440,-0.37
1441,-0.22
1442,0.43
1443,-0.04
1444,0.2
1445,-0.22
1446,-0.04
1447,-0.37
1448,0
1449,-0.22
1450,-0.4
1451,0.43
1452,0.13
1453,0.13
1454,0.43
1455,0
1456,-0.4
1457,0.2
1458,0.2
1459,-0.37
1460,-0.22
1461,0.13
1462,0
1463,0.43
1464,0.2
1465,-0.37
1466,-0.04
1467,-0.22
1468,0
1469,-0.04
1470,-0.22
1471,-0.22
1472,0
1473,0.2
1474,-0.22
1475,0.13
1476,-0.04
1477,-0.4
1478,-0.37
1479,-0.4
1480,0.13
1481,0.2
1482,0.43
1483,-0.22
1484,0
1485,0.43
1486,-0.22
1487,0.2
1488,-0.4
1489,-0.37
1490,-0.37
1491,0.43
1492,0.2
1493,-0.37
1494,-0.37
1495,-0.22
1496,-0.04
1497,0
1498,-0.37
1499,-0.04
1500,-0.4
1501,0.2
1502,0.43
1503,0.2
1504,-0.4
1505,0.43
1506,0.43
1507,-0.04
1508,-0.04
1509,0
1510,-0.37
1511,-0.22
1512,-0.37
1513,-0.04
1514,-0.4
1515,0.13
1516,0.13
1517,-0.4
1518,0.2
1519,0.43
1520,-0.04
1521,0.43
1522,-0.37
1523,-0.04
1524,0.43
1525,-0.4
1526,-0.04
1527,0.43
1528,-0.22
1529,-0.4
1530,0.2
1531,0.43
1532,-0.4
1533,0.13
1534,-0.37
1535,0
1536,-0.37
1537,-0.37
1538,0
1539,0.13
1540,0.13
1541,-0.4
1542,-0.4
1543,-0.22
1544,0
1545,-0.22
1546,-0.4
1547,0
1548,-0.4
1549,0.13
1550,-0.37
1551,-0.4
1552,0.13
1553,0.43
1554,-0.04
1555,0
1556,-0.4
1557,-0.04
1558,-0.4
1559,0.43
1560,0.43
1561,-0.04
1562,-0.04
1563,-0.37
1564,0
1565,0
1566,0.43
1567,-0.22
1568,0
1569,0
1570,0.2
1571,0.13
1572,0.2
1573,0.13
1574,0.43
1575,0.43
1576,0
1577,-0.37
1578,-0.4
1579,-0.37
1580,0
1581,0.2
1582,-0.04
1583,-0.4
1584,0.13
1585,0
1586,0.2
1587,-0.04
1588,-0.4
1589,-0.4
1590,0.2
1591,0
1592,0.2
1593,0.43
1594,-0.04
1595,0.43
1596,-0.04
1597,-0.04
1598,0.13
1599,0.2
1600,0.13
1601,0.43
1602,-0.22
1603,-0.22
1604,-0.37
1605,0.2
1606,-0.04
1607,0
1608,0.2
1609,0.43
1610,0.43
1611,-0.04
1612,-0.22
1613,0.2
1614,-0.37
1615,0.13
1616,0.43
1617,0
1618,-0.4
1619,-0.04
1620,0.43
1621,-0.22
1622,0.43
1623,-0.4
1624,0.13
1625,-0.4
1626,0.43
1627,0.43
1628,-0.22
1629,0.43
1630,-0.4
1631,-0.4
1632,0
1633,0.2
1634,-0.04
1635,0
1636,-0.37
1637,-0.4
1638,-0.4
1639,0.2
1640,0
1641,0.43
1642,-0.4
1643,-0.22
1644,0.43
1645,0.2
1646,-0.04
1647,0.13
1648,0.13
1649,-0.4
1650,0.13
1651,-0.4
1652,0
1653,0
1654,0.13
1655,-0.37
1656,0
1657,0.13
1658,0.2
1659,-0.4
1660,0.2
1661,-0.37
1662,0
1663,0.2
1664,0
1665,0
1666,0.2
1667,0.2
1668,-0.04
1669,0
1670,-0.4
1671,-0.04
1672,0.2
1673,0.13
1674,0.13
1675,0.2
1676,-0.37
1677,-0.37
1678,0.2
1679,-0.04
1680,0
1681,-0.22
1682,0.13
1683,-0.4
1684,0.2
1685,-0.22
1686,0.13
1687,-0.22
1688,-0.37
1689,-0.04
1690,0
1691,0
1692,-0.4
1693,0.2
1694,0.2
1695,0
1696,0.43
1697,0.13
1698,0.2
1699,-0.37
1700,-0.37
1701,-0.22
1702,0
1703,-0.04
1704,0
1705,0.43
1706,-0.04
1707,0.13
1708,0.43
1709,-0.4
1710,0.43
1711,-0.37
1712,0.2
1713,-0.4
1714,0.2
1715,0.43
1716,-0.04
1717,-0.4
1718,-0.04
1719,0.43
1720,0.13
1721,-0.4
1722,0.13
1723,-0.04
1724,-0.04
1725,0
1726,0.13
1727,-0.04
1728,-0.4
1729,-0.37
1730,-0.37
1731,0.13
1732,0.2
1733,-0.22
1734,0.2
1735,-0.37
1736,-0.37
1737,-0.22
1738,0.43
1739,0.13
1740,-0.04
1741,-0.4
1742,0
1743,0.13
1744,-0.4
1745,-0.04
1746,0.2
1747,-0.04
1748,-0.22
1749,0.2
1750,0.43
1751,0
1752,0.43
1753,-0.22
1754,0
1755,-0.22
1756,0.2
1757,-0.37
1758,0.13
1759,0.13
1760,0
1761,-0.22
1762,-0.37
1763,0
1764,-0.04
1765,0.2
1766,-0.4
1767,-0.37
1768,0
1769,0
1770,-0.04
1771,0.2
1772,-0.4
1773,-0.04
1774,0.13
1775,-0.4
1776,-0.37
1777,-0.04
1778,-0.37
1779,-0.37
1780,-0.22
1781,-0.37
1782,0.2
1783,0.2
1784,-0.4
1785,0.2
1786,0.43
1787,-0.04
1788,-0.37
1789,-0.04
1790,-0.4
1791,-0.22
1792,0
1793,-0.22
1794,0.43
1795,0.13
1796,0.2
1797,0.43
1798,0.43
1799,0
1800,0
1801,0.2
1802,0.43
1803,0.2
1804,0.43
1805,0.13
1806,-0.04
1807,0.2
1808,0.13
1809,0.43
1810,0.43
1811,-0.04
1812,-0.4
1813,0.2
1814,0
1815,-0.37
1816,0.2
1817,0.43
1818,0.13
1819,-0.22
1820,0
1821,-0.4
1822,-0.04
1823,-0.22
1824,0.13
1825,0
1826,0.13
1827,0.2
1828,-0.04
1829,0.2
1830,-0.37
1831,-0.37
1832,0
1833,-0.22
1834,-0.22
1835,-0.37
1836,0.2
1837,0.13
1838,-0.4
1839,0.2
1840,0.2
1841,0.43
1842,0
1843,-0.04
1844,-0.4
1845,0
1846,-0.04
1847,0
1848,-0.37
1849,0.13
1850,-0.22
1851,0.2
1852,0
1853,-0.37
1854,0.43
1855,0.13
1856,-0.37
1857,0.13
1858,0.43
1859,0.2
1860,-0.22
1861,-0.22
1862,-0.22
1863,0.2
1864,-0.22
1865,0.13
1866,-0.22
1867,-0.04
1868,0.2
1869,0.43
1870,-0.22
1871,0.13
1872,-0.4
1873,-0.04
1874,-0.04
1875,0.43
1876,0.2
1877,0.43
1878,-0.22
1879,-0.4
1880,0
1881,-0.37
1882,0
1883,-0.22
1884,-0.37
1885,0.2
1886,-0.04
1887,0
1888,0.43
1889,0.2
1890,-0.04
1891,-0.22
1892,-0.22
1893,0
1894,-0.22
1895,-0.37
1896,0.13
1897,0
1898,0.13
1899,-0.37
1900,0.43
1901,0.13
1902,0.43
1903,0.2
1904,-0.37
1905,-0.04
1906,-0.37
1907,-0.37
1908,-0.22
1909,0.43
1910,-0.22
1911,-0.4
1912,0.43
1913,-0.4
1914,0.43
1915,0
1916,0.13
1917,0.2
1918,-0.22
1919,0
1920,-0.37
1921,0
1922,0.13
1923,0.2
1924,0.13
1925,0
1926,-0.22
1927,-0.37
1928,-0.4
1929,0.2
1930,0.13
1931,-0.22
1932,-0.04
1933,-0.22
1934,0.13
1935,-0.4
1936,-0.04
1937,-0.4
1938,0.2
1939,-0.4
1940,-0.04
1941,-0.22
1942,-0.4
1943,-0.04
1944,-0.37
1945,0.43
1946,0.43
1947,-0.37
1948,0.13
1949,-0.04
1950,0.13
1951,0.43
1952,0.13
1953,-0.22
1954,-0.04
1955,0.13
1956,-0.4
1957,-0.4
1958,-0.22
1959,-0.04
1960,0
1961,-0.04
1962,-0.4
1963,-0.37
1964,0.2
1965,-0.04
1966,-0.37
1967,0.43
1968,0.43
1969,0.2
1970,-0.04
1971,-0.04
1972,-0.37
1973,0
1974,-0.37
1975,-0.37
1976,-0.4
1977,0.13
1978,0
1979,-0.37
1980,0
1981,0.43
1982,0.43
1983,-0.22
1984,0
1985,-0.4
1986,-0.4
1987,0.2
1988,0
1989,0.13
1990,-0.04
1991,0.13
1992,0.13
1993,0.13
1994,0.43
1995,0.13
1996,0.2
1997,0.13
1998,-0.37
1999,-0.37
2000,-0.4
2001,0.13
2002,0.43
2003,0.43
2004,0.2
2005,-0.04
2006,0.43
2007,0.13
2008,0.2
2009,0.13
2010,0.2
2011,0
2012,-0.4
2013,0.13
2014,-0.04
2015,0
2016,-0.4
2017,-0.4
2018,0.43
2019,0.2
2020,0.13
2021,-0.22
2022,0.43
2023,-0.04
2024,0.2
2025,0
2026,0.43
2027,-0.4
2028,-0.04
2029,-0.37
2030,0.2
2031,-0.04
2032,0.2
2033,-0.4
2034,0.13
2035,0.43
2036,-0.4
2037,0
2038,0.2
2039,0.2
2040,-0.4
2041,-0.04
2042,-0.37
2043,0.2
2044,-0.4
2045,0.43
2046,0.2
2047,0.2
2048,-0.04
2049,0.13
2050,0.2
2051,-0.4
2052,-0.37
2053,-0.37
2054,0.2
2055,0.43
2056,0
2057,0.2
2058,-0.22
2059,-0.22
2060,-0.4
2061,0.43
2062,0.13
2063,-0.04
2064,-0.22
2065,0.13
2066,0.2
2067,0.2
2068,-0.37
2069,0
2070,0.43
2071,-0.04
2072,-0.04
2073,-0.22
2074,-0.37
2075,0.13
2076,-0.22
2077,-0.4
2078,-0.4
2079,-0.04
2080,-0.4
2081,-0.22
2082,0
2083,-0.04
2084,0.43
2085,-0.4
2086,0.43
2087,0.43
2088,0.43
2089,0.2
2090,-0.4
2091,0.13
2092,0.2
2093,0.43
2094,0.43
2095,-0.22
2096,-0.37
2097,-0.37
2098,0.43
2099,0.43
2100,-0.22
2101,-0.22
2102,-0.04
2103,0.2
2104,-0.4
2105,-0.22
2106,-0.22
2107,0.2
2108,0.13
2109,0.43
2110,-0.22
2111,-0.37
2112,0.43
2113,0
2114,-0.04
2115,-0.22
2116,0.43
2117,0.13
2118,0.13
2119,-0.37
2120,0.13
2121,0.43
2122,0.43
2123,-0.22
2124,0.43
2125,-0.37
2126,0.13
2127,-0.4
2128,0.2
2129,0.2
2130,0.43
2131,0.13
2132,0.43
2133,0
2134,0.43
2135,-0.04
2136,-0.37
2137,-0.22
2138,0
2139,-0.22
2140,-0.22
2141,0.43
2142,-0.4
2143,0.43
2144,0.13
2145,0.2
2146,0
2147,0.13
2148,0.43
2149,-0.04
2150,0.2
2151,-0.37
2152,-0.22
2153,0.2
2154,-0.37
2155,0
2156,0.43
2157,0
2158,-0.22
2159,-0.22
2160,0.2
2161,-0.22
2162,0.2
2163,0.13
2164,-0.22
2165,-0.4
2166,0.13
2167,0.43
2168,0.13
2169,-0.22
2170,-0.37
2171,-0.04
2172,0.43
2173,-0.04
2174,-0.22
2175,0.13
2176,-0.04
2177,0.13
2178,0.2
2179,-0.22
2180,-0.4
2181,-0.4
2182,0.43
2183,0.13
2184,0
2185,-0.22
2186,-0.37
2187,-0.04
2188,0.13
2189,-0.37
2190,0.43
2191,-0.37
2192,-0.04
2193,-0.37
2194,-0.04
2195,0.43
2196,0.13
2197,0.13
2198,-0.22
2199,-0.4
2200,-0.37
2201,-0.22
2202,0.13
2203,-0.37
2204,-0.04
2205,-0.37
2206,0
2207,-0.37
2208,-0.22
2209,-0.37
2210,-0.37
2211,-0.37
2212,-0.04
2213,0.2
2214,-0.4
2215,0.43
2216,0.43
2217,0.2
2218,-0.37
2219,0.43
2220,-0.37
2221,0.43
2222,0.13
2223,-0.37
2224,-0.22
2225,-0.4
2226,-0.04
2227,0
2228,-0.37
2229,0.13
2230,0.2
2231,-0.22
2232,0.43
2233,-0.04
2234,-0.22
2235,0.2
2236,-0.4
2237,-0.37
2238,-0.4
2239,-0.37
2240,0
2241,0.13
2242,-0.04
2243,-0.22
2244,0.43
2245,-0.22
2246,0.13
2247,0.13
2248,0.13
2249,0.2
2250,-0.22
2251,-0.22
2252,0.13
2253,0
2254,0.43
2255,-0.04
2256,-0.37
2257,-0.37
2258,-0.4
2259,0.43
2260,-0.37
2261,-0.22
2262,-0.37
2263,-0.4
2264,-0.37
2265,-0.22
2266,-0.4
2267,0.2
2268,-0.04
2269,-0.04
2270,-0.04
2271,-0.04
2272,-0.37
2273,-0.22
2274,-0.22
2275,-0.22
2276,0.43
2277,0.2
2278,0.2
2279,-0.04
2280,0.2
2281,0.13
2282,-0.04
2283,0.2
2284,0.2
2285,-0.37
2286,-0.37
2287,0
2288,0.13
2289,0
2290,-0.04
2291,-0.4
2292,-0.22
2293,-0.22
2294,-0.4
2295,-0.37
2296,-0.22
2297,0.43
2298,0
2299,0.13
2300,-0.4
2301,0.43
2302,-0.4
2303,0.2
2304,0.2
2305,0.43
2306,0.43
2307,-0.04
2308,0
2309,0.2
2310,0.2
2311,0.43
2312,0.13
2313,0.2
2314,0.13
2315,0.2
2316,-0.4
2317,-0.22
2318,0.2
2319,0.2
2320,-0.22
2321,-0.04
2322,-0.4
2323,-0.04
2324,0
2325,0.43
2326,-0.37
2327,0.2
2328,0.2
2329,0
2330,0.13
2331,-0.37
2332,-0.04
2333,-0.04
2334,-0.37
2335,-0.4
2336,0
2337,0.2
2338,0
2339,-0.04
2340,0.43
2341,-0.4
2342,-0.22
2343,0.13
2344,-0.4
2345,-0.37
2346,-0.04
2347,-0.4
2348,-0.22
2349,-0.04
2350,-0.4
2351,0.43
2352,-0.37
2353,-0.04
2354,-0.22
2355,0
2356,-0.04
2357,-0.04
2358,0.43
2359,-0.4
2360,0
2361,-0.4
2362,0
2363,-0.04
2364,-0.22
2365,-0.4
2366,0.13
2367,0.13
2368,-0.04
2369,-0.37
2370,-0.37
2371,-0.4
2372,0.43
2373,0.13
2374,-0.37
2375,0.43
2376,-0.37
2377,0.2
2378,0.43
2379,-0.37
2380,-0.04
2381,0.2
2382,-0.04
2383,0
2384,-0.4
2385,0.43
2386,0.2
2387,-0.4
2388,-0.04
2389,0.2
2390,-0.4
2391,-0.37
2392,-0.37
2393,0.43
2394,-0.22
2395,0.2
2396,-0.4
2397,-0.4
2398,0.2
2399,0
2400,-0.04
2401,-0.04
2402,0.13
2403,0.2
2404,0.2
2405,0
2406,0.13
2407,0.13
2408,-0.4
2409,-0.4
2410,0
2411,0
2412,0.2
2413,0.13
2414,0.2
2415,-0.22
2416,-0.04
2417,0
2418,0.43
2419,-0.22
2420,-0.22
2421,0.13
2422,0.13
2423,0.13
2424,-0.37
2425,0.2
2426,0
2427,-0.04
2428,-0.37
2429,0.2
2430,0.2
2431,0.13
2432,-0.37
2433,-0.04
2434,0
2435,-0.4
2436,0
2437,0.2
2438,0.13
2439,-0.04
2440,0
2441,-0.4
2442,-0.37
2443,0
2444,-0.37
2445,0.13
2446,-0.4
2447,-0.22
2448,0.13
2449,0.43
2450,-0.22
2451,-0.22
2452,-0.4
2453,0.13
2454,-0.4
2455,-0.37
2456,0.13
2457,0.13
2458,-0.37
2459,0.43
2460,0.2
2461,-0.4
2462,-0.4
2463,-0.04
2464,-0.04
2465,0
2466,0.43
2467,-0.37
2468,-0.37
2469,-0.22
2470,-0.04
2471,-0.37
2472,-0.04
2473,-0.4
2474,-0.4
2475,0
2476,-0.37
2477,-0.37
2478,-0.22
2479,-0.22
2480,0
2481,0.2
2482,0.13
2483,-0.22
2484,-0.04
2485,-0.4
2486,-0.37
2487,0.43
2488,-0.22
2489,-0.04
2490,-0.22
2491,-0.04
2492,0.2
2493,0
2494,-0.22
2495,0.13
2496,-0.4
2497,-0.04
2498,-0.4
2499,0
2500,-0.22
2501,0.2
2502,0.13
2503,-0.22
2504,-0.37
2505,0.13
2506,0.43
2507,0
2508,0
2509,0.2
2510,-0.4
2511,-0.4
2512,-0.22
2513,-0.4
2514,-0.22
2515,-0.22
2516,0.13
2517,0
2518,-0.22
2519,0.13
2520,-0.37
2521,0.2
2522,0
2523,-0.37
2524,0
2525,-0.4
2526,-0.04
2527,0
2528,-0.37
2529,-0.37
2530,0
2531,0.2
2532,-0.22
2533,0
2534,0
2535,0.13
2536,-0.04
2537,0
2538,0
2539,-0.22
2540,0.2
2541,-0.22
2542,0.2
2543,-0.22
2544,-0.37
2545,0.2
2546,0
2547,0.43
2548,-0.04
2549,0.13
2550,-0.04
2551,0.2
2552,-0.4
2553,0.13
2554,-0.37
2555,-0.4
2556,0
2557,-0.22
2558,-0.22
2559,0.13
2560,0.2
2561,-0.4
2562,-0.4
2563,-0.4
2564,0
2565,-0.4
2566,0.43
2567,-0.37
2568,-0.22
2569,0.2
2570,-0.37
2571,-0.4
2572,0.2
2573,0
2574,-0.04
2575,-0.04
2576,0.2
2577,0.2
2578,-0.4
2579,0.2
2580,0.43
2581,0.43
2582,-0.22
2583,-0.4
2584,-0.04
2585,-0.37
2586,0.13
2587,-0.22
2588,0.43
2589,0.43
2590,-0.22
2591,-0.04
2592,0
2593,-0.37
2594,0.2
2595,0.43
2596,0.43
2597,-0.37
2598,-0.04
2599,-0.04
2600,0
2601,0
2602,-0.04
2603,0.43
2604,-0.37
2605,-0.22
2606,-0.22
2607,0
2608,-0.22
2609,-0.04
2610,0.43
2611,0.13
2612,0.43
2613,-0.37
2614,-0.37
2615,-0.22
2616,0
2617,0.2
2618,0.13
2619,0.13
2620,0.43
2621,0.2
2622,-0.22
2623,-0.22
2624,-0.04
2625,0.43
2626,-0.04
2627,0.2
2628,-0.37
2629,-0.37
2630,-0.4
2631,-0.4
2632,0.2
2633,-0.04
2634,0.13
2635,0.43
2636,-0.37
2637,0.43
2638,-0.4
2639,0.13
2640,-0.37
2641,0.2
2642,-0.22
2643,0.13
2644,-0.4
2645,0.13
2646,0
2647,-0.37
2648,0.2
2649,-0.37
2650,0.2
2651,-0.04
2652,-0.22
2653,-0.37
2654,-0.37
2655,0.2
2656,0.13
2657,0.13
2658,-0.37
2659,-0.4
2660,0.2
2661,0.2
2662,0.13
2663,-0.4
2664,0.2
2665,0
2666,0.43
2667,0.13
2668,0
2669,0.43
2670,-0.37
2671,0.13
2672,0.13
2673,-0.37
2674,-0.22
2675,-0.22
2676,-0.04
2677,0.13
2678,-0.4
2679,-0.4
2680,0
2681,0.43
2682,-0.22
2683,0
2684,0.2
2685,-0.04
2686,0.13
2687,-0.04
2688,0.2
2689,0.2
2690,-0.22
2691,0.13
2692,0.13
2693,-0.4
2694,-0.37
2695,-0.22
2696,0.13
2697,0.2
2698,0.13
2699,-0.37
2700,-0.22
2701,-0.4
2702,0.2
2703,0.43
2704,0.43
2705,0.2
2706,0.13
2707,0.13
2708,0.2
2709,0.13
2710,0.2
2711,-0.22
2712,0.13
2713,-0.04
2714,0.13
2715,0.13
2716,-0.4
2717,-0.37
2718,0.43
2719,0.13
2720,-0.22
2721,-0.37
2722,0.13
2723,0
2724,-0.4
2725,-0.4
2726,-0.22
2727,0.43
2728,0
2729,-0.37
2730,0.2
2731,-0.04
2732,0.13
2733,-0.37
2734,-0.4
2735,-0.04
2736,0
2737,-0.22
2738,0
2739,0.13
2740,0.43
2741,-0.37
2742,0.13
2743,0.43
2744,-0.4
2745,0.13
2746,-0.04
2747,-0.37
2748,-0.4
2749,-0.22
2750,0
2751,-0.4
2752,-0.04
2753,-0.37
2754,-0.4
2755,0.2
2756,-0.04
2757,-0.22
2758,-0.22
2759,0.13
2760,-0.37
2761,0.13
2762,-0.37
2763,-0.37
2764,-0.22
2765,-0.22
2766,0.2
2767,0.43
2768,-0.4
2769,-0.4
2770,0.43
2771,0.43
2772,0.2
2773,0.2
2774,-0.37
2775,-0.04
2776,0.2
2777,0
2778,-0.22
2779,0.13
2780,0
2781,0.43
2782,-0.04
2783,0.13
2784,-0.04
2785,-0.4
2786,-0.22
2787,-0.37
2788,-0.4
2789,0.2
2790,-0.04
2791,-0.04
2792,-0.22
2793,-0.04
2794,-0.4
2795,-0.4
2796,0
2797,0.2
2798,-0.04
2799,-0.04
2800,0.43
2801,0.2
2802,-0.37
2803,-0.04
2804,0.13
2805,-0.04
2806,0
2807,-0.4
2808,-0.37
2809,-0.37
2810,-0.37
2811,-0.4
2812,-0.4
2813,0.13
2814,-0.22
2815,-0.22
2816,-0.37
2817,-0.04
2818,0.2
2819,0.13
2820,0.43
2821,-0.37
2822,0.2
2823,0.43
2824,0.13
2825,-0.37
2826,-0.37
2827,-0.4
2828,-0.4
2829,-0.04
2830,0.13
2831,0
2832,0.43
2833,-0.22
2834,0.13
2835,-0.4
2836,0.2
2837,-0.37
2838,0
2839,0.2
2840,0.2
2841,-0.22
2842,0
2843,-0.4
2844,0.43
2845,0.13
2846,-0.22
2847,0.13
2848,-0.4
2849,0.2
2850,-0.22
2851,-0.37
2852,-0.22
2853,-0.22
2854,-0.22
2855,-0.22
2856,0.13
2857,-0.04
2858,0
2859,-0.37
2860,-0.37
2861,-0.4
2862,0
2863,-0.4
2864,0
2865,-0.37
2866,-0.22
2867,-0.37
2868,0.43
2869,0.43
2870,0
2871,-0.22
2872,0.13
2873,-0.37
2874,0.2
2875,-0.04
2876,-0.37
2877,-0.37
2878,0.13
2879,0
2880,-0.37
2881,-0.04
2882,0.43
2883,-0.22
2884,-0.04
2885,-0.04
2886,0.2
2887,0.2
2888,-0.37
2889,0.43
2890,0.13
2891,0
2892,0.43
2893,0
2894,-0.4
2895,0.2
2896,-0.22
2897,0.13
2898,-0.4
2899,0.13
2900,-0.22
2901,0.2
2902,0.13
2903,0
2904,-0.4
2905,0.43
2906,0.13
2907,0
2908,-0.04
2909,0.2
2910,-0.04
2911,0.13
2912,-0.4
2913,-0.37
2914,-0.04
2915,-0.4
2916,0.13
2917,-0.22
2918,0
2919,-0.04
2920,-0.22
2921,0.2
2922,-0.37
2923,-0.22
2924,0.13
2925,0.2
2926,0.43
2927,0.2
2928,0.43
2929,-0.04
2930,-0.22
2931,0.43
2932,0
2933,0.43
2934,0.2
2935,0.43
2936,-0.04
2937,0.13
2938,-0.37
2939,-0.04
2940,0.2
2941,-0.04
2942,-0.37
2943,-0.37
2944,0.43
2945,-0.04
2946,-0.22
2947,0
2948,-0.04
2949,-0.04
2950,-0.4
2951,0.43
2952,-0.37
2953,-0.4
2954,-0.4
2955,-0.22
2956,-0.37
2957,0.43
2958,-0.4
2959,0
2960,-0.22
2961,-0.37
2962,-0.22
2963,0.2
2964,-0.37
2965,0
2966,-0.37
2967,0.2
2968,0.43
2969,0
2970,0.2
2971,-0.22
2972,0.43
2973,-0.37
2974,0.2
2975,-0.4
2976,-0.4
2977,0.13
2978,0.2
2979,0.2
2980,-0.22
2981,0
2982,0.13
2983,-0.04
2984,0
2985,-0.22
2986,-0.37
2987,-0.4
2988,-0.04
2989,0.43
2990,0.13
2991,0.13
2992,0
2993,-0.22
2994,0.13
2995,-0.4
2996,0.43
2997,0
2998,-0.4
2999,-0.4
3000,0
3001,-0.4
3002,-0.04
3003,-0.37
3004,0.43
3005,0.13
3006,-0.4
3007,0
3008,-0.4
3009,0.13
3010,0.2
3011,0.43
3012,-0.04
3013,0.13
3014,-0.4
3015,0.2
3016,-0.04
3017,-0.37
3018,-0.37
3019,-0.37
3020,0.43
3021,0.2
3022,0.43
3023,-0.4
3024,-0.37
3025,-0.04
3026,0
3027,0.43
3028,-0.4
3029,0
3030,-0.4
3031,0.13
3032,-0.22
3033,0.2
3034,-0.04
3035,0
3036,0.43
3037,0.2
3038,-0.37
3039,-0.04
3040,0.2
3041,-0.22
3042,0.43
3043,-0.37
3044,0
3045,-0.37
3046,0.13
3047,0.13
3048,-0.04
3049,0.43
3050,-0.22
3051,0
3052,-0.22
3053,-0.4
3054,-0.22
3055,-0.4
3056,-0.04
3057,0.2
3058,-0.04
3059,-0.37
3060,0.2
3061,-0.37
3062,0
3063,0.43
3064,0
3065,0
3066,-0.4
3067,0.43
3068,-0.22
3069,0.13
3070,0.2
3071,0
3072,0.13
3073,-0.22
3074,-0.22
3075,0.13
3076,0.43
3077,0
3078,-0.04
3079,-0.22
3080,0.43
3081,-0.4
3082,0
3083,-0.22
3084,0
3085,-0.04
3086,0
3087,0.43
3088,-0.04
3089,-0.04
3090,-0.37
3091,-0.37
3092,-0.37
3093,-0.37
3094,-0.4
3095,0.2
3096,0.43
3097,0.13
3098,-0.04
3099,-0.37
3100,0.43
3101,-0.4
3102,-0.37
3103,0.13
3104,0.2
3105,0.43
3106,0
3107,0
3108,0.43
3109,0.43
3110,0.2
3111,-0.04
3112,0
3113,-0.22
3114,0
3115,0.43
3116,0.13
3117,0.2
3118,-0.37
3119,-0.37
3120,0.2
3121,-0.4
3122,0.13
3123,0.13
3124,0.13
3125,-0.37
3126,-0.37
3127,0
3128,0
3129,-0.37
3130,-0.4
3131,0.13
3132,-0.04
3133,0.13
3134,0.13
3135,0.43
3136,0.2
3137,-0.22
3138,-0.4
3139,-0.04
3140,0.2
3141,-0.4
3142,-0.22
3143,0.2
3144,0.43
3145,0.2
3146,0.13
3147,0.43
3148,-0.4
3149,-0.4
3150,-0.4
3151,0.13
3152,-0.4
3153,0.13
3154,0.2
3155,0
3156,0.13
3157,-0.04
3158,0.2
3159,0.13
3160,-0.04
3161,0
3162,-0.37
3163,-0.04
3164,-0.04
3165,0.13
3166,0
3167,-0.22
3168,0.43
3169,-0.04
3170,-0.04
3171,0
3172,0
3173,0.13
3174,-0.37
3175,0.43
3176,0
3177,0.2
3178,-0.37
3179,-0.37
3180,0.2
3181,-0.37
3182,0.43
3183,0.13
3184,0.13
3185,-0.4
3186,-0.22
3187,0.2
3188,-0.37
3189,0
3190,0.2
3191,-0.37
3192,-0.4
3193,-0.22
3194,-0.4
3195,0.2
3196,-0.22
3197,-0.04
3198,0.2
3199,-0.04
3200,0.2
3201,0
3202,-0.37
3203,0
3204,0
3205,0.43
3206,0.43
3207,0.43
3208,-0.22
3209,0.43
3210,-0.4
3211,0.43
3212,0
3213,-0.37
3214,-0.04
3215,-0.04
3216,0.13
3217,-0.4
3218,-0.4
3219,-0.37
3220,0
3221,-0.22
3222,0.2
3223,-0.04
3224,-0.04
3225,-0.4
3226,-0.4
3227,-0.37
3228,0.2
3229,-0.04
3230,0.43
3231,-0.22
3232,-0.22
3233,-0.37
3234,0
3235,-0.4
3236,0
3237,-0.22
3238,0
3239,-0.37
3240,0
3241,-0.22
3242,0.43
3243,-0.4
3244,-0.04
3245,0
3246,-0.37
3247,-0.37
3248,-0.4
3249,0.13
3250,0.13
3251,0.13
3252,-0.04
3253,-0.22
3254,-0.37
3255,-0.04
3256,0
3257,0.13
3258,0.2
3259,-0.22
3260,-0.37
3261,-0.04
3262,-0.22
3263,0.43
3264,-0.04
3265,0.43
3266,-0.37
3267,-0.04
3268,0.13
3269,-0.4
3270,-0.37
3271,-0.22
3272,-0.04
3273,-0.04
3274,0.2
3275,0.2
3276,0.2
3277,-0.4
3278,-0.37
3279,0.43
3280,-0.37
3281,-0.22
3282,0.13
3283,-0.37
3284,0.13
3285,0.43
3286,0.2
3287,-0.22
3288,0.43
3289,-0.37
3290,0
3291,-0.4
3292,0.13
3293,-0.4
3294,-0.37
3295,-0.4
3296,-0.04
3297,-0.04
3298,-0.37
3299,0.43
3300,0
3301,0.13
3302,-0.04
3303,0
3304,0.13
3305,0
3306,0.2
3307,0
3308,-0.37
3309,-0.22
3310,0.13
3311,-0.22
3312,0.43
3313,-0.37
3314,-0.04
3315,-0.04
3316,-0.22
3317,0.2
3318,-0.04
3319,0.13
3320,0.13
3321,0.13
3322,-0.37
3323,-0.22
3324,-0.37
3325,-0.4
3326,0.43
3327,-0.37
3328,0.2
3329,0
3330,-0.04
3331,-0.22
3332,0.13
3333,-0.37
3334,-0.37
3335,0.13
3336,0.2
3337,0.2
3338,-0.4
3339,-0.37
3340,-0.22
3341,0.43
3342,0
3343,-0.37
3344,-0.22
3345,-0.22
3346,0.43
3347,-0.4
3348,0.13
3349,-0.4
3350,-0.37
3351,-0.22
3352,-0.4
3353,0
3354,0.43
3355,0.13
3356,-0.4
3357,0.2
3358,0.2
3359,0.2
3360,-0.4
3361,-0.04
3362,0.43
3363,0
3364,-0.4
3365,0.13
3366,-0.22
3367,0.2
3368,-0.4
3369,0.2
3370,-0.4
3371,-0.04
3372,0.43
3373,0.13
3374,0.2
3375,0
3376,0.13
3377,-0.37
3378,-0.37
3379,-0.37
3380,0.13
3381,0.13
3382,0
3383,-0.04
3384,-0.37
3385,0.43
3386,-0.37
3387,0
3388,-0.37
3389,-0.37
3390,-0.04
3391,0.43
3392,0.2
3393,-0.37
3394,0.13
3395,0.2
3396,-0.04
3397,0
3398,0.43
3399,-0.4
3400,-0.22
3401,-0.04
3402,-0.4
3403,-0.22
3404,0.43
3405,0
3406,0.2
3407,0.13
3408,-0.04
3409,0
3410,0.43
3411,0
3412,-0.22
3413,0.2
3414,0.2
3415,-0.4
3416,-0.04
3417,0.2
3418,-0.37
3419,-0.37
3420,0.2
3421,-0.37
3422,0.43
3423,0.43
3424,0.2
3425,-0.22
3426,0.2
3427,0
3428,0.13
3429,0.2
3430,-0.37
3431,-0.4
3432,-0.22
3433,-0.22
3434,0.43
3435,-0.4
3436,0.13
3437,0.2
3438,-0.04
3439,0.43
3440,0
3441,0.2
3442,0.13
3443,0.13
3444,-0.37
3445,0.13
3446,0.13
3447,-0.22
3448,0.2
3449,0
3450,0
3451,0.13
3452,0.13
3453,0.13
3454,-0.4
3455,-0.22
3456,-0.22
3457,0.2
3458,0.43
3459,0
3460,-0.37
3461,-0.37
3462,-0.04
3463,0
3464,0.13
3465,0
3466,0.13
3467,0.13
3468,0.2
3469,-0.4
3470,0.13
3471,0.43
3472,0
3473,-0.04
3474,0.2
3475,0.13
3476,-0.04
3477,0
3478,0.2
3479,0.13
3480,0.2
3481,-0.22
3482,0.13
3483,-0.04
3484,0
3485,-0.4
3486,-0.04
3487,-0.4
3488,0.13
3489,-0.04
3490,-0.4
3491,-0.4
3492,0.2
3493,-0.4
3494,0.43
3495,0.2
3496,0.2
3497,-0.04
3498,-0.22
3499,0.13
3500,-0.22
3501,-0.22
3502,0.13
3503,-0.04
3504,-0.4
3505,0.43
3506,-0.4
3507,0.43
3508,0.43
3509,-0.4
3510,0
3511,0.13
3512,0.13
3513,-0.37
3514,0.13
3515,-0.4
3516,-0.04
3517,-0.04
3518,0.13
3519,-0.37
3520,0.13
3521,-0.22
3522,-0.22
3523,0
3524,0.13
3525,-0.4
3526,0.13
3527,0.43
3528,0.2
3529,0
3530,0.43
3531,0
3532,-0.4
3533,-0.04
3534,0.43
3535,0.2
3536,0
3537,-0.04
3538,-0.04
3539,-0.22
3540,-0.04
3541,0.13
3542,0.2
3543,0.2
3544,-0.22
3545,0
3546,-0.22
3547,0
3548,-0.04
3549,-0.22
3550,-0.22
3551,-0.37
3552,-0.37
3553,-0.37
3554,-0.22
3555,-0.04
3556,-0.22
3557,-0.37
3558,-0.37
3559,-0.22
3560,0.2
3561,-0.37
3562,-0.37
3563,0.43
3564,0.43
3565,0
3566,0.13
3567,-0.22
3568,-0.4
3569,-0.22
3570,0
3571,-0.22
3572,0.2
3573,-0.22
3574,-0.4
3575,-0.37
3576,0.43
3577,-0.37
3578,0.43
3579,-0.04
3580,-0.4
3581,0.2
3582,-0.22
3583,0.2
3584,0.13
3585,0
3586,0.13
3587,-0.22
3588,-0.22
3589,0.2
3590,0.13
3591,-0.37
3592,-0.04
3593,-0.4
3594,0
3595,0
3596,0.2
3597,-0.04
3598,-0.22
3599,0.13
3600,0
3601,0.13
3602,-0.22
3603,-0.04
3604,-0.04
3605,0.43
3606,-0.04
3607,-0.37
3608,-0.04
3609,0
3610,-0.37
3611,-0.4
3612,-0.04
3613,-0.04
3614,-0.04
3615,-0.37
3616,-0.22
3617,0
3618,-0.22
3619,-0.4
3620,-0.04
3621,-0.22
3622,-0.37
3623,0.2
3624,0
3625,0.43
3626,-0.37
3627,0
3628,0
3629,-0.04
3630,-0.37
3631,-0.4
3632,-0.04
3633,0
3634,-0.04
3635,-0.04
3636,0.13
3637,-0.22
3638,-0.04
3639,0.13
3640,-0.22
3641,-0.37
3642,-0.22
3643,0.13
3644,-0.37
3645,-0.04
3646,-0.4
3647,-0.22
3648,-0.4
3649,-0.4
3650,0.13
3651,-0.37
3652,0.13
3653,0.13
3654,0
3655,0
3656,-0.4
3657,0
3658,0.43
3659,0.2
3660,-0.4
3661,-0.37
3662,-0.4
3663,0.2
3664,0.13
3665,0.43
3666,-0.37
3667,0.13
3668,-0.04
3669,-0.4
3670,0
3671,0
3672,0.2
3673,0.2
3674,-0.04
3675,-0.04
3676,-0.22
3677,0.13
3678,0
3679,-0.22
3680,0.13
3681,-0.37
3682,-0.04
3683,-0.22
3684,-0.4
3685,0
3686,-0.22
3687,0
3688,0.13
3689,-0.37
3690,0
3691,0.2
3692,-0.37
3693,0
3694,-0.04
3695,-0.4
3696,-0.37
3697,0.13
3698,-0.04
3699,-0.04
3700,0.43
3701,0.43
3702,-0.4
3703,-0.4
3704,-0.37
3705,0.43
3706,-0.04
3707,-0.22
3708,-0.22
3709,-0.22
3710,0
3711,-0.37
3712,-0.4
3713,0.43
3714,-0.37
3715,-0.37
3716,0.2
3717,-0.22
3718,-0.37
3719,-0.37
3720,0
3721,0.13
3722,-0.04
3723,0.2
3724,0.43
3725,-0.4
3726,-0.4
3727,-0.37
3728,0.13
3729,-0.22
3730,-0.22
3731,0.13
3732,0.13
3733,-0.04
3734,-0.04
3735,0.2
3736,0
3737,-0.4
3738,0.43
3739,-0.04
3740,0
3741,-0.37
3742,-0.4
3743,0.13
3744,-0.4
3745,-0.4
3746,-0.4
3747,-0.4
3748,-0.04
3749,-0.37
3750,0.13
3751,-0.4
3752,0
3753,-0.37
3754,0.2
3755,0.43
3756,0
3757,-0.22
3758,0.13
3759,0.2
3760,-0.4
3761,0.13
3762,-0.4
3763,-0.4
3764,-0.22
3765,-0.04
3766,-0.22
3767,-0.22
3768,0.13
3769,0.2
3770,-0.22
3771,-0.4
3772,-0.37
3773,0.13
3774,-0.37
3775,0.2
3776,0.43
3777,-0.4
3778,0.2
3779,-0.04
3780,-0.04
3781,-0.4
3782,-0.22
3783,-0.4
3784,0.2
3785,-0.04
3786,-0.37
3787,0.2
3788,-0.22
3789,0.13
3790,0.2
3791,-0.22
3792,0
3793,0.43
3794,0.2
3795,-0.4
3796,-0.04
3797,-0.37
3798,-0.37
3799,0.2
3800,-0.37
3801,-0.37
3802,0.43
3803,-0.22
3804,0.43
3805,0
3806,-0.22
3807,-0.04
3808,-0.37
3809,0.13
3810,-0.22
3811,-0.04
3812,0
3813,0.2
3814,0.13
3815,-0.04
3816,-0.4
3817,-0.37
3818,0.13
3819,0.43
3820,0.43
3821,-0.4
3822,0.13
3823,0.13
3824,-0.37
3825,-0.04
3826,0.43
3827,-0.22
3828,0.2
3829,0.43
3830,-0.22
3831,0
3832,0.43
3833,-0.22
3834,0.13
3835,0.13
3836,0.43
3837,0.13
3838,0.2
3839,-0.4
3840,-0.22
3841,0.13
3842,-0.04
3843,0.13
3844,0.2
3845,0.43
3846,0.13
3847,0.43
3848,-0.04
3849,0.43
3850,-0.4
3851,-0.4
3852,-0.04
3853,-0.22
3854,-0.04
3855,-0.37
3856,-0.22
3857,0.43
3858,-0.37
3859,0
3860,-0.37
3861,-0.4
3862,-0.22
3863,0.43
3864,-0.04
3865,0.43
3866,-0.04
3867,0.43
3868,0.13
3869,-0.37
3870,0
3871,0.43
3872,0
3873,0.13
3874,0
3875,0.13
3876,-0.4
3877,-0.37
3878,0.2
3879,-0.37
3880,0.43
3881,-0.4
3882,0.2
3883,-0.04
3884,-0.37
3885,0.2
3886,0.43
3887,0.13
3888,0.2
3889,0.2
3890,-0.4
3891,-0.4
3892,0
3893,-0.04
3894,-0.4
3895,-0.4
3896,-0.22
3897,0
3898,-0.04
3899,-0.37
3900,0
3901,-0.04
3902,-0.04
3903,0
3904,0.2
3905,0
3906,-0.4
3907,0.43
3908,0
3909,0.2
3910,0.43
3911,0.2
3912,-0.04
3913,-0.4
3914,-0.04
3915,-0.22
3916,-0.04
3917,0.2
3918,0.13
3919,0
3920,0.43
3921,-0.4
3922,-0.04
3923,0
3924,-0.04
3925,0
3926,0
3927,-0.04
3928,0.43
3929,0
3930,-0.22
3931,-0.37
3932,-0.04
3933,0.13
3934,0
3935,0
3936,0.2
3937,0.43
3938,0.2
3939,0.43
3940,-0.4
3941,-0.04
3942,-0.22
3943,0.43
3944,0
3945,0
3946,-0.04
3947,0
3948,-0.04
3949,-0.37
3950,0.2
3951,-0.37
3952,-0.04
3953,0.43
3954,-0.37
3955,0.43
3956,0
3957,0.13
3958,-0.04
3959,0.2
3960,-0.22
3961,-0.37
3962,-0.4
3963,0
3964,0.13
3965,-0.04
3966,-0.22
3967,0.2
3968,-0.37
3969,-0.22
3970,-0.22
3971,0.43
3972,-0.04
3973,0.13
3974,0.43
3975,0.43
3976,0.43
3977,0
3978,0
3979,-0.4
3980,0.13
3981,-0.37
3982,-0.4
3983,0
3984,-0.22
3985,0.43
3986,0.43
3987,0.13
3988,0.2
3989,-0.22
3990,0
3991,0.2
3992,-0.22
3993,-0.22
3994,-0.22
3995,0.13
3996,0.2
3997,0.13
3998,-0.37
3999,0.43
4000,0.13
4001,-0.04
4002,-0.37
4003,-0.22
4004,-0.37
4005,-0.37
4006,-0.04
4007,-0.04
4008,0.2
4009,0.13
4010,0.43
4011,0
4012,-0.37
4013,0
4014,-0.04
4015,-0.04
4016,0.43
4017,0.43
4018,-0.37
4019,-0.22
4020,-0.37
4021,-0.22
4022,0.43
4023,-0.37
4024,0
4025,-0.37
4026,-0.4
4027,0
4028,-0.37
4029,0.13
4030,0.13
4031,0.2
4032,0.43
4033,0
4034,-0.22
4035,-0.04
4036,0.2
4037,-0.22
4038,-0.37
4039,0.13
4040,-0.4
4041,-0.37
4042,0.43
4043,-0.37
4044,-0.37
4045,-0.37
4046,-0.4
4047,-0.37
4048,-0.37
4049,-0.37
4050,-0.4
4051,0.13
4052,0.43
4053,0.13
4054,0.2
4055,0.13
4056,-0.37
4057,0.2
4058,0.2
4059,-0.04
4060,-0.04
4061,-0.22
4062,-0.04
4063,0.13
4064,-0.4
4065,0.13
4066,0.13
4067,0.13
4068,-0.37
4069,-0.22
4070,-0.04
4071,0
4072,0.43
4073,-0.37
4074,-0.37
4075,0.13
4076,0
4077,0.43
4078,-0.37
4079,0.43
4080,0.43
4081,0.43
4082,-0.04
4083,0.43
4084,-0.37
4085,-0.37
4086,0
4087,0.43
4088,0
4089,-0.37
4090,0.43
4091,0.43
4092,-0.04
4093,-0.22
4094,0.43
4095,0.43
4096,0.43
4097,-0.4
4098,0.2
4099,-0.37
4100,-0.04
4101,-0.4
4102,0
4103,0.43
4104,-0.04
4105,-0.37
4106,-0.22
4107,-0.04
4108,0.2
4109,0
4110,0.2
4111,0.2
4112,-0.4
4113,0.2
4114,0.13
4115,0
4116,-0.37
4117,-0.37
4118,0
